UTC Time,Temperature
2025/07/13,12:48:53,30.4375
2025/07/13,12:58:53,30.3125
2025/07/13,13:09:17,29.6250
2025/07/13,13:19:17,29.1250
2025/07/13,13:29:17,28.8125
2025/07/13,13:39:17,28.7500
2025/07/13,13:49:17,28.9375
2025/07/13,13:59:41,28.6875
2025/07/13,14:09:41,28.3750
2025/07/13,14:20:05,28.2500
2025/07/13,14:30:05,28.0000
2025/07/13,14:40:05,27.8125
2025/07/13,14:50:05,27.5625
2025/07/13,15:00:29,27.2500
2025/07/13,15:10:29,26.8750
2025/07/13,15:20:53,26.3125
2025/07/13,15:30:53,25.9375
2025/07/13,15:41:17,25.6250
2025/07/13,15:51:17,25.3125
2025/07/13,16:01:17,25.0625
2025/07/13,16:11:17,24.8125
2025/07/13,16:21:41,24.4375
2025/07/13,16:31:41,24.2500
2025/07/13,16:41:41,23.8750
2025/07/13,16:52:05,23.5000
2025/07/13,17:02:05,23.1250
2025/07/13,17:12:29,22.6250
2025/07/13,17:22:29,22.3125
2025/07/13,17:32:53,22.0000
2025/07/13,17:42:53,21.9375
2025/07/13,17:53:17,21.6250
2025/07/13,18:03:17,21.2500
2025/07/13,18:13:17,21.0000
2025/07/13,18:23:17,20.6250
2025/07/13,18:33:41,20.3125
2025/07/13,18:43:41,20.3125
2025/07/13,18:54:05,19.8125
2025/07/13,19:04:05,19.5000
2025/07/13,19:14:05,19.3750
2025/07/13,19:24:29,19.0625
2025/07/13,19:34:29,18.8125
2025/07/13,19:44:29,18.6250
2025/07/13,19:54:53,18.3750
2025/07/13,20:04:53,18.1875
2025/07/13,20:15:17,18.1875
2025/07/13,20:25:17,17.9375
2025/07/13,20:35:17,17.7500
2025/07/13,20:45:41,17.6250
2025/07/13,20:55:41,17.3750
2025/07/13,21:06:05,17.1875
2025/07/13,21:16:05,17.0625
2025/07/13,21:26:05,17.0000
2025/07/13,21:36:29,16.8750
2025/07/13,21:46:29,16.8125
2025/07/13,21:56:53,16.5625
2025/07/13,22:06:53,16.5625
2025/07/13,22:17:17,16.3750
2025/07/13,22:27:17,16.1250
2025/07/13,22:37:41,16.0625
2025/07/13,22:47:41,15.9375
2025/07/13,22:57:41,15.8750
2025/07/13,23:08:05,15.6875
2025/07/13,23:18:05,15.6250
2025/07/13,23:28:05,15.6250
2025/07/13,23:38:05,15.5625
2025/07/13,23:48:29,15.4375
2025/07/13,23:58:29,15.3125
2025/07/14,00:08:53,15.1875
2025/07/14,00:18:53,15.0625
2025/07/14,00:29:17,15.0000
2025/07/14,00:39:17,14.9375
2025/07/14,00:49:17,14.8125
2025/07/14,00:59:41,14.6875
2025/07/14,01:09:41,14.6250
2025/07/14,01:19:41,14.6250
2025/07/14,01:29:41,14.7500
2025/07/14,01:40:05,14.5000
2025/07/14,01:50:05,14.4375
2025/07/14,02:00:05,14.3125
2025/07/14,02:10:29,14.2500
2025/07/14,02:20:29,14.2500
2025/07/14,02:30:53,14.1875
2025/07/14,02:40:53,14.1250
2025/07/14,02:50:53,14.0625
2025/07/14,03:00:53,14.1250
2025/07/14,03:11:17,14.3750
2025/07/14,03:21:17,14.3125
2025/07/14,03:31:41,14.3750
2025/07/14,03:41:41,14.5625
2025/07/14,03:52:05,14.6875
2025/07/14,04:41:41,16.0625
2025/07/14,04:52:05,16.2500
2025/07/14,05:02:05,16.6250
2025/07/14,05:12:29,16.9375
2025/07/14,05:22:29,17.2500
2025/07/14,05:32:53,17.5625
2025/07/14,05:42:53,17.9375
2025/07/14,05:53:17,18.4375
2025/07/14,06:03:17,18.8125
2025/07/14,06:13:17,19.0000
2025/07/14,06:23:41,19.2500
2025/07/14,06:33:41,19.6250
2025/07/14,06:44:05,20.1875
2025/07/14,06:54:05,20.5000
2025/07/14,07:04:29,20.7500
2025/07/14,07:14:29,21.0625
2025/07/14,07:24:29,21.3750
2025/07/14,07:34:29,21.6250
2025/07/14,07:44:29,21.7500
2025/07/14,07:54:29,21.8750
2025/07/14,08:04:53,22.0000
2025/07/14,08:14:53,22.6250
2025/07/14,08:24:53,22.6250
2025/07/14,08:35:17,22.5625
2025/07/14,08:45:17,22.8125
2025/07/14,08:55:41,24.2500
2025/07/14,09:05:41,24.6250
2025/07/14,09:15:41,25.1875
2025/07/14,09:26:05,24.8750
2025/07/14,09:36:05,24.5625
2025/07/14,09:46:29,24.6875
2025/07/14,09:56:29,28.6875
2025/07/14,10:06:29,32.2500
2025/07/14,10:16:29,30.8125
2025/07/14,10:26:29,29.3125
2025/07/14,10:36:53,28.6250
2025/07/14,10:46:53,28.1250
2025/07/14,10:56:53,27.6250
2025/07/14,11:07:17,27.1250
2025/07/14,11:17:17,26.6875
2025/07/14,11:27:17,26.0625
2025/07/14,11:37:17,25.8125
2025/07/14,11:47:41,25.6250
2025/07/14,11:57:41,25.5625
2025/07/14,12:08:05,25.3125
2025/07/14,12:18:05,25.2500
2025/07/14,12:28:05,25.1875
2025/07/14,12:38:29,25.1250
2025/07/14,12:48:29,24.9375
2025/07/14,12:58:29,24.8750
2025/07/14,13:08:53,25.0000
2025/07/14,13:18:53,25.2500
2025/07/14,13:29:17,25.5000
2025/07/14,13:39:17,25.6250
2025/07/14,13:49:41,25.8125
2025/07/14,13:59:41,26.1875
2025/07/14,14:10:05,25.8125
2025/07/14,14:20:05,25.3125
2025/07/14,14:30:05,25.2500
2025/07/14,14:40:05,25.5000
2025/07/14,14:50:29,25.7500
2025/07/14,15:00:29,25.9375
2025/07/14,15:10:53,26.1250
2025/07/14,15:20:53,26.0625
2025/07/14,15:31:17,25.8125
2025/07/14,15:41:17,25.7500
2025/07/14,15:51:17,25.2500
2025/07/14,16:01:41,25.1875
2025/07/14,16:11:41,24.8750
2025/07/14,16:21:41,24.8125
2025/07/14,16:32:05,24.6250
2025/07/14,16:42:05,24.2500
2025/07/14,16:52:29,23.8750
2025/07/14,17:02:29,23.5625
2025/07/14,17:12:53,23.1875
2025/07/14,17:22:53,23.0000
2025/07/14,17:32:53,22.7500
2025/07/14,17:43:17,22.5000
2025/07/14,17:53:17,22.1875
2025/07/14,18:03:41,21.8125
2025/07/14,18:13:41,21.5000
2025/07/14,18:23:41,21.1875
2025/07/14,18:34:05,20.8125
2025/07/14,18:44:05,20.5625
2025/07/14,18:54:05,20.3125
2025/07/14,19:04:05,20.0000
2025/07/14,19:14:29,19.8750
2025/07/14,19:24:29,19.8750
2025/07/14,19:34:29,19.6250
2025/07/14,19:44:53,19.3750
2025/07/14,19:54:53,19.1875
2025/07/14,20:04:53,18.9375
2025/07/14,20:15:17,18.8125
2025/07/14,20:25:17,18.5625
2025/07/14,20:35:41,18.5625
2025/07/14,20:45:41,18.3750
2025/07/14,20:55:41,18.1875
2025/07/14,21:06:05,18.0000
2025/07/14,21:16:05,17.8750
2025/07/14,21:26:29,17.7500
2025/07/14,21:36:29,17.7500
2025/07/14,21:46:53,17.7500
2025/07/14,21:56:53,17.6250
2025/07/14,22:06:53,17.3750
2025/07/14,22:16:53,17.3125
2025/07/14,22:27:17,17.1250
2025/07/14,22:37:17,17.0000
2025/07/14,22:47:17,16.8125
2025/07/14,22:57:17,16.7500
2025/07/14,23:07:41,16.6875
2025/07/14,23:17:41,16.6250
2025/07/14,23:28:05,16.6250
2025/07/14,23:38:05,16.5625
2025/07/14,23:48:05,16.4375
2025/07/14,23:58:05,16.3125
2025/07/15,00:08:29,16.3125
2025/07/15,00:18:29,16.1875
2025/07/15,00:28:29,16.1250
2025/07/15,00:38:29,16.0000
2025/07/15,00:48:29,15.9375
2025/07/15,00:58:53,15.8750
2025/07/15,01:08:53,15.8750
2025/07/15,01:18:53,15.7500
2025/07/15,01:28:53,15.6875
2025/07/15,01:39:17,15.8125
2025/07/15,01:49:17,15.8125
2025/07/15,01:59:41,15.6250
2025/07/15,02:09:41,15.7500
2025/07/15,02:19:41,15.8750
2025/07/15,02:30:05,16.1875
2025/07/15,02:40:05,16.3750
2025/07/15,02:50:05,16.6875
2025/07/15,03:00:29,16.9375
2025/07/15,03:10:29,17.0625
2025/07/15,03:20:29,17.3750
2025/07/15,03:30:53,17.5000
2025/07/15,03:40:53,17.5000
2025/07/15,03:51:17,17.4375
2025/07/15,04:41:43,17.5625
2025/07/15,04:52:07,17.9375
2025/07/15,05:02:07,18.1875
2025/07/15,05:12:31,18.3125
2025/07/15,05:22:31,18.3750
2025/07/15,05:32:31,18.3750
2025/07/15,05:42:55,18.6250
2025/07/15,05:52:55,18.8125
2025/07/15,06:03:19,19.1875
2025/07/15,06:13:19,19.5625
2025/07/15,06:23:43,19.7500
2025/07/15,06:33:43,19.8750
2025/07/15,06:43:43,19.9375
2025/07/15,06:54:07,20.1250
2025/07/15,07:04:07,20.1875
2025/07/15,07:14:29,20.3750
2025/07/15,07:24:29,20.5625
2025/07/15,07:34:53,20.7500
2025/07/15,07:44:53,21.0000
2025/07/15,07:55:17,21.0625
2025/07/15,08:05:17,21.2500
2025/07/15,08:15:17,21.5625
2025/07/15,08:25:17,21.6875
2025/07/15,08:35:41,21.7500
2025/07/15,08:45:41,21.8125
2025/07/15,08:55:41,23.5000
2025/07/15,09:06:05,23.8125
2025/07/15,09:16:05,25.4375
2025/07/15,09:26:29,27.1250
2025/07/15,09:36:29,28.2500
2025/07/15,09:46:53,31.8750
2025/07/15,09:56:53,35.9375
2025/07/15,10:07:17,36.8750
2025/07/15,10:17:17,38.1250
2025/07/15,10:27:17,37.3125
2025/07/15,10:37:17,36.8750
2025/07/15,10:47:41,34.8750
2025/07/15,10:57:41,32.6250
2025/07/15,11:07:41,33.5625
2025/07/15,11:18:05,36.1875
2025/07/15,11:28:05,35.6875
2025/07/15,11:38:29,35.1250
2025/07/15,11:48:29,33.3750
2025/07/15,11:58:29,32.0000
2025/07/15,12:08:53,32.3750
2025/07/15,12:18:53,32.8125
2025/07/15,12:28:53,31.9375
2025/07/15,12:39:17,31.0625
2025/07/15,12:49:17,30.1250
2025/07/15,12:59:17,29.6250
2025/07/15,13:09:41,29.6875
2025/07/15,13:19:41,29.5000
2025/07/15,13:29:41,29.4375
2025/07/15,13:40:05,29.4375
2025/07/15,13:50:05,29.7500
2025/07/15,14:00:05,29.5000
2025/07/15,14:10:29,29.0625
2025/07/15,14:20:29,28.7500
2025/07/15,14:30:53,28.5000
2025/07/15,14:40:53,28.3750
2025/07/15,14:50:53,28.1250
2025/07/15,15:00:53,27.8750
2025/07/15,15:11:17,27.3125
2025/07/15,15:21:17,26.6250
2025/07/15,15:31:41,26.1875
2025/07/15,15:41:41,25.8125
2025/07/15,15:52:05,25.5000
2025/07/15,16:02:05,25.3125
2025/07/15,16:12:05,25.0625
2025/07/15,16:22:05,24.8750
2025/07/15,16:32:05,24.8750
2025/07/15,16:42:29,24.7500
2025/07/15,16:52:29,24.5000
2025/07/15,17:02:29,24.1875
2025/07/15,17:12:53,24.0000
2025/07/15,17:22:53,23.6875
2025/07/15,17:33:17,23.3750
2025/07/15,17:43:17,23.0625
2025/07/15,17:53:41,22.8125
2025/07/15,18:03:41,22.5000
2025/07/15,18:13:41,22.3125
2025/07/15,18:24:05,22.0000
2025/07/15,18:34:05,21.6250
2025/07/15,18:44:05,21.2500
2025/07/15,18:54:29,20.8750
2025/07/15,19:04:29,20.5000
2025/07/15,19:14:53,20.1875
2025/07/15,19:24:53,19.9375
2025/07/15,19:34:53,19.6875
2025/07/15,19:44:53,19.4375
2025/07/15,19:55:17,19.3750
2025/07/15,20:05:17,19.2500
2025/07/15,20:15:17,18.9375
2025/07/15,20:25:17,18.7500
2025/07/15,20:35:41,18.6250
2025/07/15,20:45:41,18.3750
2025/07/15,20:56:05,18.1875
2025/07/15,21:06:05,18.0625
2025/07/15,21:16:29,17.8750
2025/07/15,21:26:29,17.7500
2025/07/15,21:36:29,17.5625
2025/07/15,21:46:53,17.5000
2025/07/15,21:56:53,17.4375
2025/07/15,22:07:17,17.4375
2025/07/15,22:17:17,17.4375
2025/07/15,22:27:17,17.0625
2025/07/15,22:37:41,16.9375
2025/07/15,22:47:41,16.8750
2025/07/15,22:57:41,16.8125
2025/07/15,23:07:41,16.6875
2025/07/15,23:18:05,16.6250
2025/07/15,23:28:05,16.5000
2025/07/15,23:38:05,16.3750
2025/07/15,23:48:29,16.2500
2025/07/15,23:58:29,16.1875
2025/07/16,00:08:53,16.1250
2025/07/16,00:18:53,16.2500
2025/07/16,00:29:17,16.0000
2025/07/16,00:39:17,15.9375
2025/07/16,00:49:17,15.8125
2025/07/16,00:59:17,15.7500
2025/07/16,01:09:17,15.6250
2025/07/16,01:19:41,15.5625
2025/07/16,01:29:41,15.5000
2025/07/16,01:40:05,15.3750
2025/07/16,01:50:05,15.4375
2025/07/16,02:00:05,15.5000
2025/07/16,02:10:29,15.3750
2025/07/16,02:20:29,15.3750
2025/07/16,02:30:53,15.2500
2025/07/16,02:40:53,15.1875
2025/07/16,02:51:17,15.1250
2025/07/16,03:01:17,15.1250
2025/07/16,03:11:41,15.1875
2025/07/16,03:21:41,15.2500
2025/07/16,03:31:41,15.3125
2025/07/16,03:42:05,15.6875
2025/07/16,03:52:05,15.7500
2025/07/16,04:41:43,17.1250
2025/07/16,04:52:07,17.3750
2025/07/16,05:02:07,17.6875
2025/07/16,05:12:07,18.0000
2025/07/16,05:22:31,18.2500
2025/07/16,05:32:31,18.5625
2025/07/16,05:42:55,18.8125
2025/07/16,05:52:55,19.3125
2025/07/16,06:02:55,19.8125
2025/07/16,06:13:19,20.0000
2025/07/16,06:23:19,20.2500
2025/07/16,06:33:19,20.5625
2025/07/16,06:43:19,20.8125
2025/07/16,06:53:43,20.9375
2025/07/16,07:03:43,21.1875
2025/07/16,07:13:43,21.4375
2025/07/16,07:24:07,21.6250
2025/07/16,07:34:07,21.8125
2025/07/16,07:44:07,21.8750
2025/07/16,07:54:31,22.1875
2025/07/16,08:04:31,22.2500
2025/07/16,08:14:55,22.8750
2025/07/16,08:24:55,23.2500
2025/07/16,08:35:19,23.3125
2025/07/16,08:45:19,23.5000
2025/07/16,08:55:19,25.1250
2025/07/16,09:05:19,25.1875
2025/07/16,09:15:19,25.6875
2025/07/16,09:25:41,25.7500
2025/07/16,09:35:41,25.8750
2025/07/16,09:45:41,26.4375
2025/07/16,09:56:05,30.2500
2025/07/16,10:06:05,33.4375
2025/07/16,10:16:05,36.1250
2025/07/16,10:26:05,38.1875
2025/07/16,10:36:29,39.6875
2025/07/16,10:46:29,40.0000
2025/07/16,10:56:29,39.0625
2025/07/16,11:06:53,40.3750
2025/07/16,11:16:53,39.3125
2025/07/16,11:26:53,36.9375
2025/07/16,11:36:53,35.4375
2025/07/16,11:46:53,34.0625
2025/07/16,11:56:53,33.2500
2025/07/16,12:06:53,32.4375
2025/07/16,12:17:17,32.6250
2025/07/16,12:27:17,32.6875
2025/07/16,12:37:17,32.5000
2025/07/16,12:47:41,31.8750
2025/07/16,12:57:41,31.7500
2025/07/16,13:08:05,31.6250
2025/07/16,13:18:05,31.5000
2025/07/16,13:28:29,31.1250
2025/07/16,13:38:29,31.0000
2025/07/16,13:48:29,31.1250
2025/07/16,13:58:53,31.1250
2025/07/16,14:08:53,30.3750
2025/07/16,14:19:17,29.3750
2025/07/16,14:29:17,28.5000
2025/07/16,14:39:41,28.0625
2025/07/16,14:49:41,27.6250
2025/07/16,15:00:05,27.3125
2025/07/16,15:10:05,26.9375
2025/07/16,15:20:29,26.5625
2025/07/16,15:30:29,26.1250
2025/07/16,15:40:53,25.6875
2025/07/16,15:50:53,25.4375
2025/07/16,16:00:53,25.1250
2025/07/16,16:10:53,24.8750
2025/07/16,16:21:17,24.6875
2025/07/16,16:31:17,24.5625
2025/07/16,16:41:41,24.1875
2025/07/16,16:51:41,23.9375
2025/07/16,17:02:05,23.6875
2025/07/16,17:12:05,23.5000
2025/07/16,17:22:05,23.1875
2025/07/16,17:32:05,22.9375
2025/07/16,17:42:29,22.7500
2025/07/16,17:52:29,22.5625
2025/07/16,18:02:29,22.3750
2025/07/16,18:12:53,22.3125
2025/07/16,18:22:53,22.2500
2025/07/16,18:32:53,22.0000
2025/07/16,18:43:17,21.8750
2025/07/16,18:53:17,21.6875
2025/07/16,19:03:41,21.5625
2025/07/16,19:13:41,21.5000
2025/07/16,19:24:05,21.3750
2025/07/16,19:34:05,21.2500
2025/07/16,19:44:05,21.0625
2025/07/16,19:54:29,21.2500
2025/07/16,20:04:29,21.1875
2025/07/16,20:14:53,21.0000
2025/07/16,20:24:53,20.9375
2025/07/16,20:34:53,20.7500
2025/07/16,20:44:53,20.7500
2025/07/16,20:55:17,20.5000
2025/07/16,21:05:17,20.4375
2025/07/16,21:15:17,20.3750
2025/07/16,21:25:17,20.2500
2025/07/16,21:35:41,20.1875
2025/07/16,21:45:41,20.0000
2025/07/16,21:55:41,20.0000
2025/07/16,22:06:05,19.9375
2025/07/16,22:16:05,19.7500
2025/07/16,22:26:29,19.6875
2025/07/16,22:36:29,19.5625
2025/07/16,22:46:29,19.4375
2025/07/16,22:56:53,19.3750
2025/07/16,23:06:53,19.3750
2025/07/16,23:16:53,19.3125
2025/07/16,23:27:17,19.3125
2025/07/16,23:37:17,19.3750
2025/07/16,23:47:41,19.2500
2025/07/16,23:57:41,19.1875
2025/07/17,00:07:41,19.0625
2025/07/17,00:18:05,19.0625
2025/07/17,00:28:05,18.9375
2025/07/17,00:38:29,19.0000
2025/07/17,00:48:29,18.9375
2025/07/17,00:58:29,18.9375
2025/07/17,01:08:53,19.0625
2025/07/17,01:18:53,19.0625
2025/07/17,01:28:53,18.9375
2025/07/17,01:39:17,18.8125
2025/07/17,01:49:17,18.8750
2025/07/17,01:59:17,18.7500
2025/07/17,02:09:41,18.7500
2025/07/17,02:19:41,18.7500
2025/07/17,02:29:41,18.6875
2025/07/17,02:40:05,18.6875
2025/07/17,02:50:05,18.8750
2025/07/17,03:00:29,18.8125
2025/07/17,03:10:29,18.8750
2025/07/17,03:20:29,18.8125
2025/07/17,03:30:53,18.8125
2025/07/17,03:40:53,18.8750
2025/07/17,03:51:17,18.8750
2025/07/17,04:41:43,19.3750
2025/07/17,04:51:43,19.6250
2025/07/17,05:02:07,19.6875
2025/07/17,05:12:07,19.8125
2025/07/17,05:22:31,19.8750
2025/07/17,05:32:31,20.0000
2025/07/17,05:42:31,20.0625
2025/07/17,05:52:55,20.1875
2025/07/17,06:02:55,20.4375
2025/07/17,06:12:55,20.5625
2025/07/17,06:23:19,20.7500
2025/07/17,06:33:19,21.0000
2025/07/17,06:43:19,21.2500
2025/07/17,06:53:43,21.4375
2025/07/17,07:03:43,21.6875
2025/07/17,07:14:07,21.8750
2025/07/17,07:24:07,22.1875
2025/07/17,07:34:05,22.5000
2025/07/17,07:44:05,22.8750
2025/07/17,07:54:29,23.1250
2025/07/17,08:04:29,23.3750
2025/07/17,08:14:53,23.8125
2025/07/17,08:24:53,24.1875
2025/07/17,08:35:17,24.3125
2025/07/17,08:45:17,24.6875
2025/07/17,08:55:41,25.5000
2025/07/17,09:05:41,25.8125
2025/07/17,09:16:05,25.7500
2025/07/17,09:26:05,25.9375
2025/07/17,09:36:05,25.7500
2025/07/17,09:46:05,25.3750
2025/07/17,09:56:05,25.0625
2025/07/17,10:06:29,24.9375
2025/07/17,10:16:29,25.0000
2025/07/17,10:26:29,24.9375
2025/07/17,10:36:29,24.8750
2025/07/17,10:46:29,24.8125
2025/07/17,10:56:29,24.9375
2025/07/17,11:06:53,25.1250
2025/07/17,11:16:53,25.1875
2025/07/17,11:26:53,25.1875
2025/07/17,11:37:17,25.6875
2025/07/17,11:47:17,26.1875
2025/07/17,11:57:17,26.3125
2025/07/17,12:07:41,26.0625
2025/07/17,12:17:41,25.3750
2025/07/17,12:28:05,24.8125
2025/07/17,12:38:05,24.1250
2025/07/17,12:48:29,23.5000
2025/07/17,12:58:29,23.0000
2025/07/17,13:08:29,22.5000
2025/07/17,13:18:53,22.1875
2025/07/17,13:28:53,21.8750
2025/07/17,13:38:53,21.6875
2025/07/17,13:49:17,21.3125
2025/07/17,13:59:17,21.0625
2025/07/17,14:09:41,20.7500
2025/07/17,14:19:41,20.5625
2025/07/17,14:29:41,20.3750
2025/07/17,14:39:41,20.3125
2025/07/17,14:50:05,20.2500
2025/07/17,15:00:05,20.1875
2025/07/17,15:10:29,20.3125
2025/07/17,15:20:29,20.4375
2025/07/17,15:30:53,20.3750
2025/07/17,15:40:53,20.5000
2025/07/17,15:50:53,20.5000
2025/07/17,16:01:17,20.5625
2025/07/17,16:11:17,20.4375
2025/07/17,16:21:17,20.3750
2025/07/17,16:31:41,20.3125
2025/07/17,16:41:41,20.1875
2025/07/17,16:51:41,20.2500
2025/07/17,17:01:41,20.2500
2025/07/17,17:12:05,20.1250
2025/07/17,17:22:05,20.0000
2025/07/17,17:32:05,19.8750
2025/07/17,17:42:29,19.7500
2025/07/17,17:52:29,19.6875
2025/07/17,18:02:53,19.5625
2025/07/17,18:12:53,19.5000
2025/07/17,18:23:17,19.3750
2025/07/17,18:33:17,19.2500
2025/07/17,18:43:41,19.1875
2025/07/17,18:53:41,19.3125
2025/07/17,19:04:05,19.2500
2025/07/17,19:14:05,19.1250
2025/07/17,19:24:29,19.0625
2025/07/17,19:34:29,18.8750
2025/07/17,19:44:53,18.8750
2025/07/17,19:54:53,18.8750
2025/07/17,20:04:53,18.8125
2025/07/17,20:15:17,18.6875
2025/07/17,20:25:17,18.6875
2025/07/17,20:35:17,18.6875
2025/07/17,20:45:41,18.8125
2025/07/17,20:55:41,18.6875
2025/07/17,21:06:05,18.5625
2025/07/17,21:16:05,18.5000
2025/07/17,21:26:29,18.4375
2025/07/17,21:36:29,18.3750
2025/07/17,21:46:53,18.3750
2025/07/17,21:56:53,18.3125
2025/07/17,22:07:17,18.3125
2025/07/17,22:17:17,18.2500
2025/07/17,22:27:41,18.2500
2025/07/17,22:37:41,18.3750
2025/07/17,22:48:05,18.3750
2025/07/17,22:58:05,18.1875
2025/07/17,23:08:05,18.0625
2025/07/17,23:18:29,17.9375
2025/07/17,23:28:29,17.8125
2025/07/17,23:38:29,17.7500
2025/07/17,23:48:53,17.5625
2025/07/17,23:58:53,17.3750
2025/07/18,00:08:53,17.2500
2025/07/18,00:19:17,17.1875
2025/07/18,00:29:17,17.4375
2025/07/18,00:39:41,17.4375
2025/07/18,00:49:41,17.5000
2025/07/18,01:00:05,17.5625
2025/07/18,01:10:05,17.5000
2025/07/18,01:20:29,17.6250
2025/07/18,01:30:29,17.5000
2025/07/18,01:40:29,17.5000
2025/07/18,01:50:53,17.4375
2025/07/18,02:00:53,17.3750
2025/07/18,02:10:53,17.3750
2025/07/18,02:21:17,17.2500
2025/07/18,02:31:17,17.3125
2025/07/18,02:41:41,17.3750
2025/07/18,02:51:41,17.5000
2025/07/18,03:01:41,17.6875
2025/07/18,03:11:41,17.6875
2025/07/18,03:22:05,17.8125
2025/07/18,03:32:05,17.7500
2025/07/18,03:42:05,17.8750
2025/07/18,03:52:29,17.8750
2025/07/18,04:41:41,18.6875
2025/07/18,04:52:05,18.9375
2025/07/18,05:02:05,19.2500
2025/07/18,05:12:05,19.3750
2025/07/18,05:22:29,19.5625
2025/07/18,05:32:29,19.6250
2025/07/18,05:42:53,19.6875
2025/07/18,05:52:53,19.8750
2025/07/18,06:03:17,19.9375
2025/07/18,06:13:17,20.0625
2025/07/18,06:23:41,20.1875
2025/07/18,06:33:41,20.2500
2025/07/18,06:44:05,20.2500
2025/07/18,06:54:05,20.1875
2025/07/18,07:04:29,20.1875
2025/07/18,07:14:29,20.2500
2025/07/18,07:24:53,20.2500
2025/07/18,07:34:53,20.1875
2025/07/18,07:45:17,20.1875
2025/07/18,07:55:17,20.3125
2025/07/18,08:05:17,20.3125
2025/07/18,08:15:41,20.0625
2025/07/18,08:25:41,19.8125
2025/07/18,08:35:41,19.7500
2025/07/18,08:46:05,19.6875
2025/07/18,08:56:05,19.9375
2025/07/18,09:06:29,20.3125
2025/07/18,09:16:29,20.6875
2025/07/18,09:26:29,21.4375
2025/07/18,09:36:29,22.1250
2025/07/18,09:46:53,24.6250
2025/07/18,09:56:53,25.2500
2025/07/18,10:07:17,24.4375
2025/07/18,10:17:17,24.1250
2025/07/18,10:27:41,23.9375
2025/07/18,10:37:41,24.0625
2025/07/18,10:48:05,26.0000
2025/07/18,10:58:05,26.2500
2025/07/18,11:08:29,25.6875
2025/07/18,11:18:29,25.3125
2025/07/18,11:28:29,24.7500
2025/07/18,11:38:29,24.5625
2025/07/18,11:48:53,24.5000
2025/07/18,11:58:53,24.3750
2025/07/18,12:09:17,24.5625
2025/07/18,12:19:17,24.6250
2025/07/18,12:29:41,24.4375
2025/07/18,12:39:41,24.3750
2025/07/18,12:49:41,24.4375
2025/07/18,13:00:05,24.6875
2025/07/18,13:10:05,24.5000
2025/07/18,13:20:05,24.0625
2025/07/18,13:30:05,23.8750
2025/07/18,13:40:05,24.3750
2025/07/18,13:50:05,24.6250
2025/07/18,14:00:29,25.0625
2025/07/18,14:10:29,25.2500
2025/07/18,14:20:29,25.0000
2025/07/18,14:30:53,24.7500
2025/07/18,14:40:53,24.6875
2025/07/18,14:50:53,24.6875
2025/07/18,15:00:53,24.8125
2025/07/18,15:11:17,24.9375
2025/07/18,15:21:17,24.6875
2025/07/18,15:31:17,24.5000
2025/07/18,15:41:17,24.3125
2025/07/18,15:51:41,23.9375
2025/07/18,16:01:41,23.5000
2025/07/18,16:11:41,23.3125
2025/07/18,16:21:41,23.1250
2025/07/18,16:32:05,23.0000
2025/07/18,16:42:05,22.9375
2025/07/18,16:52:05,22.8750
2025/07/18,17:02:29,22.7500
2025/07/18,17:12:29,22.4375
2025/07/18,17:22:53,22.1875
2025/07/18,17:32:53,22.0625
2025/07/18,17:42:53,21.8125
2025/07/18,17:53:17,21.6250
2025/07/18,18:03:17,21.4375
2025/07/18,18:13:17,21.1875
2025/07/18,18:23:41,21.1250
2025/07/18,18:33:41,20.9375
2025/07/18,18:44:05,20.6250
2025/07/18,18:54:05,20.4375
2025/07/18,19:04:29,20.2500
2025/07/18,19:14:29,20.0000
2025/07/18,19:24:29,19.8125
2025/07/18,19:34:29,19.6875
2025/07/18,19:44:53,19.6250
2025/07/18,19:54:53,19.5625
2025/07/18,20:05:17,19.4375
2025/07/18,20:15:17,19.6250
2025/07/18,20:25:17,19.5625
2025/07/18,20:35:41,19.5000
2025/07/18,20:45:41,19.5000
2025/07/18,20:55:41,19.3750
2025/07/18,21:06:05,19.2500
2025/07/18,21:16:05,19.1875
2025/07/18,21:26:05,19.0625
2025/07/18,21:36:29,19.0625
2025/07/18,21:46:29,18.9375
2025/07/18,21:56:29,18.8750
2025/07/18,22:06:53,19.0000
2025/07/18,22:16:53,18.7500
2025/07/18,22:27:17,18.8125
2025/07/18,22:37:17,18.7500
2025/07/18,22:47:17,18.7500
2025/07/18,22:57:41,18.6875
2025/07/18,23:07:41,18.6875
2025/07/18,23:18:05,18.8125
2025/07/18,23:28:05,18.7500
2025/07/18,23:38:05,18.6250
2025/07/18,23:48:29,18.3750
2025/07/18,23:58:29,18.0625
2025/07/19,00:08:53,17.9375
2025/07/19,00:18:53,17.8125
2025/07/19,00:29:17,17.7500
2025/07/19,00:39:17,17.7500
2025/07/19,00:49:41,17.7500
2025/07/19,00:59:41,17.9375
2025/07/19,01:09:41,18.0000
2025/07/19,01:19:41,18.0000
2025/07/19,01:30:05,17.8125
2025/07/19,01:40:05,17.7500
2025/07/19,01:50:05,17.6875
2025/07/19,02:00:05,17.6875
2025/07/19,02:10:05,17.4375
2025/07/19,02:20:29,17.3125
2025/07/19,02:30:29,17.2500
2025/07/19,02:40:53,17.2500
2025/07/19,02:50:53,17.1250
2025/07/19,03:01:17,17.2500
2025/07/19,03:11:17,17.3750
2025/07/19,03:21:41,17.3750
2025/07/19,03:31:41,17.4375
2025/07/19,03:41:41,17.6250
2025/07/19,03:51:41,17.8125
2025/07/19,04:41:41,18.5625
2025/07/19,04:52:05,19.0000
2025/07/19,05:02:05,19.1250
2025/07/19,05:12:05,19.1875
2025/07/19,05:22:29,19.3750
2025/07/19,05:32:29,19.4375
2025/07/19,05:42:53,19.6250
2025/07/19,05:52:53,19.6875
2025/07/19,06:02:53,20.0625
2025/07/19,06:13:17,20.4375
2025/07/19,06:23:17,20.6875
2025/07/19,06:33:17,20.6875
2025/07/19,06:43:41,20.8750
2025/07/19,06:53:41,21.0000
2025/07/19,07:04:05,21.0000
2025/07/19,07:14:05,21.0000
2025/07/19,07:24:05,21.0000
2025/07/19,07:34:05,20.9375
2025/07/19,07:44:05,20.8750
2025/07/19,07:54:29,20.7500
2025/07/19,08:04:29,20.7500
2025/07/19,08:14:53,20.9375
2025/07/19,08:24:53,21.5000
2025/07/19,08:34:53,22.0000
2025/07/19,08:44:53,22.1875
2025/07/19,08:55:17,22.4375
2025/07/19,09:05:17,22.4375
2025/07/19,09:15:41,22.7500
2025/07/19,09:25:41,23.3125
2025/07/19,09:36:05,23.5625
2025/07/19,09:46:05,25.8125
2025/07/19,09:56:05,28.1250
2025/07/19,10:06:05,29.4375
2025/07/19,10:16:29,29.0625
2025/07/19,10:26:29,30.0000
2025/07/19,10:36:53,30.6250
2025/07/19,10:46:53,30.1250
2025/07/19,10:57:17,28.1250
2025/07/19,11:07:17,26.6250
2025/07/19,11:17:41,24.9375
2025/07/19,11:27:41,24.1250
2025/07/19,11:38:05,23.4375
2025/07/19,11:48:05,22.7500
2025/07/19,11:58:29,22.1875
2025/07/19,12:08:29,21.7500
2025/07/19,12:18:53,21.3125
2025/07/19,12:28:53,20.7500
2025/07/19,12:38:53,20.5000
2025/07/19,12:48:53,20.7500
2025/07/19,12:59:17,21.0625
2025/07/19,13:09:17,21.3125
2025/07/19,13:19:41,21.6250
2025/07/19,13:29:41,21.7500
2025/07/19,13:39:41,22.2500
2025/07/19,13:50:05,22.8750
2025/07/19,14:00:05,23.0625
2025/07/19,14:10:05,23.1250
2025/07/19,14:20:05,23.3125
2025/07/19,14:30:29,23.5625
2025/07/19,14:40:29,23.6875
2025/07/19,14:50:29,23.7500
2025/07/19,15:00:29,23.4375
2025/07/19,15:10:53,23.0625
2025/07/19,15:20:53,22.6875
2025/07/19,15:30:53,22.4375
2025/07/19,15:41:17,22.1875
2025/07/19,15:51:17,21.9375
2025/07/19,16:01:17,21.6875
2025/07/19,16:11:41,21.5000
2025/07/19,16:21:41,21.3750
2025/07/19,16:32:05,21.1250
2025/07/19,16:42:05,21.1250
2025/07/19,16:52:05,20.7500
2025/07/19,17:02:05,20.5625
2025/07/19,17:12:05,20.3750
2025/07/19,17:22:29,20.2500
2025/07/19,17:32:29,20.0000
2025/07/19,17:42:53,19.7500
2025/07/19,17:52:53,19.5000
2025/07/19,18:03:17,19.3125
2025/07/19,18:13:17,19.0625
2025/07/19,18:23:41,19.1250
2025/07/19,18:33:41,19.0000
2025/07/19,18:44:05,18.7500
2025/07/19,18:54:05,18.5625
2025/07/19,19:04:29,18.3750
2025/07/19,19:14:29,18.1875
2025/07/19,19:24:53,17.9375
2025/07/19,19:34:53,17.6875
2025/07/19,19:45:17,17.5625
2025/07/19,19:55:17,17.3750
2025/07/19,20:05:17,17.2500
2025/07/19,20:15:41,17.3125
2025/07/19,20:25:41,17.0625
2025/07/19,20:35:41,17.0000
2025/07/19,20:46:05,17.0000
2025/07/19,20:56:05,16.9375
2025/07/19,21:06:05,16.8750
2025/07/19,21:16:29,16.8125
2025/07/19,21:26:29,16.8125
2025/07/19,21:36:29,16.7500
2025/07/19,21:46:29,16.7500
2025/07/19,21:56:53,16.6875
2025/07/19,22:06:53,16.8750
2025/07/19,22:17:17,16.7500
2025/07/19,22:27:17,16.7500
2025/07/19,22:37:17,16.6875
2025/07/19,22:47:41,16.6875
2025/07/19,22:57:41,16.7500
2025/07/19,23:08:05,16.8125
2025/07/19,23:18:05,16.8750
2025/07/19,23:28:05,16.8750
2025/07/19,23:38:29,16.9375
2025/07/19,23:48:29,16.9375
2025/07/19,23:58:29,17.1875
2025/07/20,00:08:53,17.2500
2025/07/20,00:18:53,17.0625
2025/07/20,00:28:53,17.0625
2025/07/20,00:38:53,17.0625
2025/07/20,00:49:17,16.9375
2025/07/20,00:59:17,16.9375
2025/07/20,01:09:41,17.0000
2025/07/20,01:19:41,17.0625
2025/07/20,01:30:05,17.0000
2025/07/20,01:40:05,17.0000
2025/07/20,01:50:29,17.1250
2025/07/20,02:00:29,17.2500
2025/07/20,02:10:29,17.2500
2025/07/20,02:20:29,17.1250
2025/07/20,02:30:53,17.0625
2025/07/20,02:40:53,17.0625
2025/07/20,02:50:53,17.0625
2025/07/20,03:01:17,17.1250
2025/07/20,03:11:17,17.1250
2025/07/20,03:21:17,17.2500
2025/07/20,03:31:41,17.3125
2025/07/20,03:41:41,17.4375
2025/07/20,03:52:05,17.4375
2025/07/20,04:41:41,17.9375
2025/07/20,04:52:05,18.1250
2025/07/20,05:02:05,18.3125
2025/07/20,05:12:29,18.4375
2025/07/20,05:22:29,18.6250
2025/07/20,05:32:53,18.6875
2025/07/20,05:42:53,18.7500
2025/07/20,05:52:53,18.8125
2025/07/20,06:03:17,19.0000
2025/07/20,06:13:17,19.0000
2025/07/20,06:23:41,19.1250
2025/07/20,06:33:41,19.3125
2025/07/20,06:43:41,19.1875
2025/07/20,06:54:05,19.3125
2025/07/20,07:04:05,19.5625
2025/07/20,07:14:05,19.8125
2025/07/20,07:24:29,20.0000
2025/07/20,07:34:29,20.0625
2025/07/20,07:44:29,20.2500
2025/07/20,07:54:53,20.5000
2025/07/20,08:04:53,20.1875
2025/07/20,08:15:17,20.4375
2025/07/20,08:25:17,20.7500
2025/07/20,08:35:17,21.0625
2025/07/20,08:45:41,21.3750
2025/07/20,08:55:41,21.7500
2025/07/20,09:06:05,21.7500
2025/07/20,09:16:05,22.2500
2025/07/20,09:26:29,22.6250
2025/07/20,09:36:29,23.2500
2025/07/20,09:46:29,25.0000
2025/07/20,09:56:29,28.0625
2025/07/20,10:06:53,27.1875
2025/07/20,10:16:53,25.2500
2025/07/20,10:27:17,24.0000
2025/07/20,10:37:17,23.1250
2025/07/20,10:47:41,22.7500
2025/07/20,10:57:41,22.5625
2025/07/20,11:08:05,24.1875
2025/07/20,11:18:05,26.0000
2025/07/20,11:28:05,27.3125
2025/07/20,11:38:29,27.3750
2025/07/20,11:48:29,26.5000
2025/07/20,11:58:53,26.0625
2025/07/20,12:08:53,25.8125
2025/07/20,12:19:17,26.1250
2025/07/20,12:29:17,25.7500
2025/07/20,12:39:41,24.5625
2025/07/20,12:49:41,23.6875
2025/07/20,13:00:05,23.0000
2025/07/20,13:10:05,22.3750
2025/07/20,13:20:05,22.0000
2025/07/20,13:30:29,21.6875
2025/07/20,13:40:29,20.8125
2025/07/20,13:50:53,19.8125
2025/07/20,14:00:53,20.0625
2025/07/20,14:11:17,20.8125
2025/07/20,14:21:17,21.3125
2025/07/20,14:31:17,21.5625
2025/07/20,14:41:41,21.8750
2025/07/20,14:51:41,21.6250
2025/07/20,15:02:05,21.4375
2025/07/20,15:12:05,21.3750
2025/07/20,15:22:29,20.9375
2025/07/20,15:32:29,20.7500
2025/07/20,15:42:53,20.7500
2025/07/20,15:52:53,20.8750
2025/07/20,16:02:53,21.0000
2025/07/20,16:13:17,20.9375
2025/07/20,16:23:17,20.8125
2025/07/20,16:33:41,20.4375
2025/07/20,16:43:41,20.3750
2025/07/20,16:53:41,20.3750
2025/07/20,17:03:41,20.4375
2025/07/20,17:14:05,20.3125
2025/07/20,17:24:05,20.1875
2025/07/20,17:34:29,20.0000
2025/07/20,17:44:29,20.0000
2025/07/20,17:54:53,19.9375
2025/07/20,18:04:53,19.7500
2025/07/20,18:15:17,19.5000
2025/07/20,18:25:17,19.3125
2025/07/20,18:35:17,19.0000
2025/07/20,18:45:17,19.0000
2025/07/20,18:55:17,18.8750
2025/07/20,19:05:41,18.5625
2025/07/20,19:15:41,18.4375
2025/07/20,19:26:05,18.3750
2025/07/20,19:36:05,18.1875
2025/07/20,19:46:29,18.1250
2025/07/20,19:56:29,18.1250
2025/07/20,20:06:53,18.0000
2025/07/20,20:16:53,18.0000
2025/07/20,20:26:53,18.1875
2025/07/20,20:36:53,18.3125
2025/07/20,20:47:17,18.0625
2025/07/20,20:57:17,18.0000
2025/07/20,21:07:41,17.9375
2025/07/20,21:17:41,17.7500
2025/07/20,21:28:05,17.6875
2025/07/20,21:38:05,17.6250
2025/07/20,21:48:29,17.6250
2025/07/20,21:58:29,17.4375
2025/07/20,22:08:53,17.3750
2025/07/20,22:18:53,17.5000
2025/07/20,22:29:17,17.3750
2025/07/20,22:39:17,17.1250
2025/07/20,22:49:41,17.0000
2025/07/20,22:59:41,16.8750
2025/07/20,23:09:41,16.8125
2025/07/20,23:20:05,16.8125
2025/07/20,23:30:05,16.5625
2025/07/20,23:40:29,16.5625
2025/07/20,23:50:29,16.5625
2025/07/21,00:00:29,16.6875
2025/07/21,00:10:53,16.5625
2025/07/21,00:20:53,16.5625
2025/07/21,00:31:17,16.6250
2025/07/21,00:41:17,16.6250
2025/07/21,00:51:41,16.6250
2025/07/21,01:01:41,16.7500
2025/07/21,01:11:41,16.8750
2025/07/21,01:22:05,17.0625
2025/07/21,01:32:05,17.2500
2025/07/21,01:42:29,17.1250
2025/07/21,01:52:29,17.1875
2025/07/21,02:02:53,17.1875
2025/07/21,02:12:53,17.1875
2025/07/21,02:22:53,17.1250
2025/07/21,02:32:53,17.0625
2025/07/21,02:42:53,17.1875
2025/07/21,02:53:17,17.1875
2025/07/21,03:03:17,17.2500
2025/07/21,03:13:41,17.2500
2025/07/21,03:23:41,17.2500
2025/07/21,03:33:41,17.4375
2025/07/21,03:43:41,17.4375
2025/07/21,03:54:05,17.4375
2025/07/21,04:41:41,18.1875
2025/07/21,04:52:05,18.3125
2025/07/21,05:02:05,18.5625
2025/07/21,05:12:29,18.6250
2025/07/21,05:22:29,18.8125
2025/07/21,05:32:53,19.0000
2025/07/21,05:42:53,19.1250
2025/07/21,05:53:17,19.1250
2025/07/21,06:03:17,19.4375
2025/07/21,06:13:41,19.4375
2025/07/21,06:23:41,19.5625
2025/07/21,06:34:05,19.6875
2025/07/21,06:44:05,19.8125
2025/07/21,06:54:05,19.8125
2025/07/21,07:04:05,19.9375
2025/07/21,07:14:05,20.0000
2025/07/21,07:24:05,20.3125
2025/07/21,07:34:29,20.8750
2025/07/21,07:44:29,21.0000
2025/07/21,07:54:53,21.1250
2025/07/21,08:04:53,21.4375
2025/07/21,08:14:53,21.5625
2025/07/21,08:25:17,21.6250
2025/07/21,08:35:17,21.7500
2025/07/21,08:45:17,21.9375
2025/07/21,08:55:17,23.9375
2025/07/21,09:05:17,24.0000
2025/07/21,09:15:41,23.8750
2025/07/21,09:25:41,23.6875
2025/07/21,09:35:41,23.5625
2025/07/21,09:46:05,26.3125
2025/07/21,09:56:05,26.6250
2025/07/21,10:06:29,27.7500
2025/07/21,10:16:29,27.8125
2025/07/21,10:26:29,29.5625
2025/07/21,10:36:53,29.4375
2025/07/21,10:46:53,28.2500
2025/07/21,10:57:17,27.4375
2025/07/21,11:07:17,27.5000
2025/07/21,11:17:17,27.3125
2025/07/21,11:27:41,26.3125
2025/07/21,11:37:41,25.0000
2025/07/21,11:47:41,24.2500
2025/07/21,11:57:41,23.5000
2025/07/21,12:08:05,21.8125
2025/07/21,12:18:05,21.6250
2025/07/21,12:28:29,22.0625
2025/07/21,12:38:29,22.1875
2025/07/21,12:48:53,22.6250
2025/07/21,12:58:53,23.1250
2025/07/21,13:08:53,23.5000
2025/07/21,13:18:53,23.7500
2025/07/21,13:29:17,23.8125
2025/07/21,13:39:17,23.5000
2025/07/21,13:49:41,24.0625
2025/07/21,13:59:41,24.4375
2025/07/21,14:09:41,24.5000
2025/07/21,14:20:05,24.6875
2025/07/21,14:30:05,24.4375
2025/07/21,14:40:29,23.9375
2025/07/21,14:50:29,23.6250
2025/07/21,15:00:53,23.4375
2025/07/21,15:10:53,23.2500
2025/07/21,15:21:17,23.0000
2025/07/21,15:31:17,22.8750
2025/07/21,15:41:17,23.0000
2025/07/21,15:51:41,23.0625
2025/07/21,16:01:41,23.0000
2025/07/21,16:11:41,23.1875
2025/07/21,16:22:05,22.8125
2025/07/21,16:32:05,22.6875
2025/07/21,16:42:05,22.1875
2025/07/21,16:52:29,22.1875
2025/07/21,17:02:29,22.0000
2025/07/21,17:12:29,21.8125
2025/07/21,17:22:29,21.6250
2025/07/21,17:32:53,21.4375
2025/07/21,17:42:53,21.1875
2025/07/21,17:52:53,20.9375
2025/07/21,18:02:53,20.5625
2025/07/21,18:13:17,20.2500
2025/07/21,18:23:17,20.0625
2025/07/21,18:33:17,20.0000
2025/07/21,18:43:17,19.9375
2025/07/21,18:53:41,19.7500
2025/07/21,19:03:41,19.5000
2025/07/21,19:14:05,19.3125
2025/07/21,19:24:05,19.0625
2025/07/21,19:34:05,18.8750
2025/07/21,19:44:05,18.7500
2025/07/21,19:54:29,18.5625
2025/07/21,20:04:29,18.4375
2025/07/21,20:14:29,18.3125
2025/07/21,20:24:53,18.1875
2025/07/21,20:34:53,18.1875
2025/07/21,20:44:53,18.1250
2025/07/21,20:54:53,17.9375
2025/07/21,21:05:17,17.8125
2025/07/21,21:15:17,17.6875
2025/07/21,21:25:41,17.5625
2025/07/21,21:35:41,17.5000
2025/07/21,21:45:41,17.3750
2025/07/21,21:56:05,17.2500
2025/07/21,22:06:05,17.1875
2025/07/21,22:16:29,17.1250
2025/07/21,22:26:29,17.1875
2025/07/21,22:36:29,17.1250
2025/07/21,22:46:29,16.9375
2025/07/21,22:56:53,16.8125
2025/07/21,23:06:53,16.7500
2025/07/21,23:16:53,16.6875
2025/07/21,23:26:53,16.6250
2025/07/21,23:37:17,16.5000
2025/07/21,23:47:17,16.4375
2025/07/21,23:57:17,16.3750
2025/07/22,00:07:41,16.3750
2025/07/22,00:17:41,16.4375
2025/07/22,00:28:05,16.2500
2025/07/22,00:38:05,16.1250
2025/07/22,00:48:05,16.0625
2025/07/22,00:58:29,16.0000
2025/07/22,01:08:29,16.0000
2025/07/22,01:18:53,15.8750
2025/07/22,01:28:53,15.8125
2025/07/22,01:39:17,15.7500
2025/07/22,01:49:17,15.7500
2025/07/22,01:59:17,15.8125
2025/07/22,02:09:17,15.6875
2025/07/22,02:19:41,15.6250
2025/07/22,02:29:41,15.5625
2025/07/22,02:39:41,15.5625
2025/07/22,02:50:05,15.5625
2025/07/22,03:00:05,15.5000
2025/07/22,03:10:05,15.5000
2025/07/22,03:20:05,15.6250
2025/07/22,03:30:29,15.7500
2025/07/22,03:40:29,15.8125
2025/07/22,03:50:29,15.8750
2025/07/22,04:41:43,16.6250
2025/07/22,04:52:07,16.8125
2025/07/22,05:02:07,17.1250
2025/07/22,05:12:07,17.4375
2025/07/22,05:22:31,17.6875
2025/07/22,05:32:31,17.9375
2025/07/22,05:42:55,18.2500
2025/07/22,05:52:55,18.5625
2025/07/22,06:02:55,18.8125
2025/07/22,06:13:17,19.1875
2025/07/22,06:23:17,19.4375
2025/07/22,06:33:17,19.7500
2025/07/22,06:43:41,20.1250
2025/07/22,06:53:41,20.3750
2025/07/22,07:04:05,20.5000
2025/07/22,07:14:05,20.6875
2025/07/22,07:24:05,20.8750
2025/07/22,07:34:29,21.0000
2025/07/22,07:44:29,21.1875
2025/07/22,07:54:53,21.4375
2025/07/22,08:04:53,21.7500
2025/07/22,08:15:17,22.1875
2025/07/22,08:25:17,22.7500
2025/07/22,08:35:17,22.6875
2025/07/22,08:45:41,22.8125
2025/07/22,08:55:41,24.8125
2025/07/22,09:06:05,24.7500
2025/07/22,09:16:05,25.0000
2025/07/22,09:26:29,25.0625
2025/07/22,09:36:29,25.1250
2025/07/22,09:46:53,29.1875
2025/07/22,09:56:53,31.6250
2025/07/22,10:07:17,32.5000
2025/07/22,10:17:17,32.8125
2025/07/22,10:27:17,31.8125
2025/07/22,10:37:41,32.6875
2025/07/22,10:47:41,32.1875
2025/07/22,10:57:41,33.2500
2025/07/22,11:07:41,34.8125
2025/07/22,11:18:05,33.8125
2025/07/22,11:28:05,32.1250
2025/07/22,11:38:29,31.0000
2025/07/22,11:48:29,29.6875
2025/07/22,11:58:53,29.0000
2025/07/22,12:08:53,29.2500
2025/07/22,12:19:17,30.1250
2025/07/22,12:29:17,30.3750
2025/07/22,12:39:17,29.7500
2025/07/22,12:49:41,29.6875
2025/07/22,12:59:41,29.3125
2025/07/22,13:09:41,28.8750
2025/07/22,13:20:05,28.8125
2025/07/22,13:30:05,28.5625
2025/07/22,13:40:29,28.1250
2025/07/22,13:50:29,28.5000
2025/07/22,14:00:29,28.5625
2025/07/22,14:10:53,28.1875
2025/07/22,14:20:53,27.7500
2025/07/22,14:30:53,27.6250
2025/07/22,14:41:17,27.4375
2025/07/22,14:51:17,27.1875
2025/07/22,15:01:41,26.8750
2025/07/22,15:11:41,26.5000
2025/07/22,15:22:05,25.9375
2025/07/22,15:32:05,25.6250
2025/07/22,15:42:05,25.2500
2025/07/22,15:52:29,24.8750
2025/07/22,16:02:29,24.6250
2025/07/22,16:12:29,24.3125
2025/07/22,16:22:29,24.1250
2025/07/22,16:32:53,24.0000
2025/07/22,16:42:53,23.7500
2025/07/22,16:52:53,23.5625
2025/07/22,17:02:53,23.3125
2025/07/22,17:13:17,23.1250
2025/07/22,17:23:17,23.1250
2025/07/22,17:33:41,22.9375
2025/07/22,17:43:41,22.5625
2025/07/22,17:54:05,22.2500
2025/07/22,18:04:05,22.0625
2025/07/22,18:14:05,21.8125
2025/07/22,18:24:29,21.6875
2025/07/22,18:34:29,21.5000
2025/07/22,18:44:53,21.2500
2025/07/22,18:54:53,21.1250
2025/07/22,19:05:17,21.0000
2025/07/22,19:15:17,21.0625
2025/07/22,19:25:17,21.0000
2025/07/22,19:35:41,20.8125
2025/07/22,19:45:41,20.7500
2025/07/22,19:56:05,20.6875
2025/07/22,20:06:05,20.5625
2025/07/22,20:16:29,20.5625
2025/07/22,20:26:29,20.4375
2025/07/22,20:36:53,20.3750
2025/07/22,20:46:53,20.3750
2025/07/22,20:57:17,20.3125
2025/07/22,21:07:17,20.3125
2025/07/22,21:17:17,20.3750
2025/07/22,21:27:41,20.5000
2025/07/22,21:37:41,20.3750
2025/07/22,21:48:05,20.3125
2025/07/22,21:58:05,20.3750
2025/07/22,22:08:05,20.3125
2025/07/22,22:18:05,20.1875
2025/07/22,22:28:29,20.2500
2025/07/22,22:38:29,20.1875
2025/07/22,22:48:53,20.1250
2025/07/22,22:58:53,20.1250
2025/07/22,23:09:17,20.1875
2025/07/22,23:19:17,20.2500
2025/07/22,23:29:17,20.2500
2025/07/22,23:39:41,20.2500
2025/07/22,23:49:41,20.1875
2025/07/23,00:00:05,20.1875
2025/07/23,00:10:05,20.0625
2025/07/23,00:20:29,20.1250
2025/07/23,00:30:29,20.1250
2025/07/23,00:40:53,20.0625
2025/07/23,00:50:53,20.0000
2025/07/23,01:01:17,20.0625
2025/07/23,01:11:17,20.0000
2025/07/23,01:21:17,20.1250
2025/07/23,01:31:41,20.0625
2025/07/23,01:41:41,19.9375
2025/07/23,01:52:05,19.8125
2025/07/23,02:02:05,19.8750
2025/07/23,02:12:05,19.8125
2025/07/23,02:22:29,19.8125
2025/07/23,02:32:29,19.8125
2025/07/23,02:42:29,19.7500
2025/07/23,02:52:29,19.8125
2025/07/23,03:02:53,19.7500
2025/07/23,03:12:53,19.9375
2025/07/23,03:23:17,20.0000
2025/07/23,03:33:17,19.8750
2025/07/23,03:43:41,19.8125
2025/07/23,03:53:41,19.8125
2025/07/23,04:41:43,19.5000
2025/07/23,04:51:43,19.5625
2025/07/23,05:01:43,19.5625
2025/07/23,05:12:07,19.5625
2025/07/23,05:22:07,19.6250
2025/07/23,05:32:31,19.6250
2025/07/23,05:42:31,19.6875
2025/07/23,05:52:55,19.6875
2025/07/23,06:02:55,19.6875
2025/07/23,06:12:55,19.8125
2025/07/23,06:22:55,19.8125
2025/07/23,06:33:19,19.7500
2025/07/23,06:43:19,19.8125
2025/07/23,06:53:19,19.6875
2025/07/23,07:03:43,19.6875
2025/07/23,07:13:43,19.6250
2025/07/23,07:23:43,19.6250
2025/07/23,07:34:07,19.6250
2025/07/23,07:44:07,19.6875
2025/07/23,07:54:31,19.7500
2025/07/23,08:04:31,19.8750
2025/07/23,08:14:31,19.8125
2025/07/23,08:24:55,19.8750
2025/07/23,08:34:55,19.8750
2025/07/23,08:45:19,20.0625
2025/07/23,08:55:19,20.2500
2025/07/23,09:05:17,20.2500
2025/07/23,09:15:41,20.2500
2025/07/23,09:25:41,20.1875
2025/07/23,09:36:05,20.3125
2025/07/23,09:46:05,20.3125
2025/07/23,09:56:05,20.4375
2025/07/23,10:06:05,20.4375
2025/07/23,10:16:29,20.4375
2025/07/23,10:26:29,20.5000
2025/07/23,10:36:29,20.3750
2025/07/23,10:46:29,20.3125
2025/07/23,10:56:53,20.4375
2025/07/23,11:06:53,20.5625
2025/07/23,11:17:17,20.8125
2025/07/23,11:27:17,21.1875
2025/07/23,11:37:17,21.3750
2025/07/23,11:47:41,21.3750
2025/07/23,11:57:41,21.2500
2025/07/23,12:07:41,21.1875
2025/07/23,12:18:05,21.1250
2025/07/23,12:28:05,21.1875
2025/07/23,12:38:29,20.8125
2025/07/23,12:48:29,20.3125
2025/07/23,12:58:29,20.4375
2025/07/23,13:08:53,20.7500
2025/07/23,13:18:53,21.4375
2025/07/23,13:28:53,22.1250
2025/07/23,13:38:53,22.7500
2025/07/23,13:48:53,22.8125
2025/07/23,13:59:17,22.6875
2025/07/23,14:09:17,22.8750
2025/07/23,14:19:17,23.3750
2025/07/23,14:29:41,23.5625
2025/07/23,14:39:41,23.6250
2025/07/23,14:49:41,23.7500
2025/07/23,14:59:41,23.5625
2025/07/23,15:09:41,23.5000
2025/07/23,15:19:41,23.6250
2025/07/23,15:29:41,23.6875
2025/07/23,15:40:05,23.5000
2025/07/23,15:50:05,23.5000
2025/07/23,16:00:29,23.3125
2025/07/23,16:10:29,23.0625
2025/07/23,16:20:53,22.7500
2025/07/23,16:30:53,22.5000
2025/07/23,16:41:17,22.1875
2025/07/23,16:51:17,21.9375
2025/07/23,17:01:17,21.6250
2025/07/23,17:11:17,21.4375
2025/07/23,17:21:41,21.3750
2025/07/23,17:31:41,21.1250
2025/07/23,17:42:05,20.8750
2025/07/23,17:52:05,20.7500
2025/07/23,18:02:05,20.4375
2025/07/23,18:12:29,20.2500
2025/07/23,18:22:29,19.8750
2025/07/23,18:32:53,19.7500
2025/07/23,18:42:53,19.6875
2025/07/23,18:53:17,19.4375
2025/07/23,19:03:17,19.1875
2025/07/23,19:13:17,19.0000
2025/07/23,19:23:17,18.8750
2025/07/23,19:33:41,18.7500
2025/07/23,19:43:41,18.5625
2025/07/23,19:54:05,18.5625
2025/07/23,20:04:05,18.4375
2025/07/23,20:14:29,18.3750
2025/07/23,20:24:29,18.3750
2025/07/23,20:34:29,18.3750
2025/07/23,20:44:53,18.1250
2025/07/23,20:54:53,17.9375
2025/07/23,21:04:53,17.8750
2025/07/23,21:15:17,17.8125
2025/07/23,21:25:17,17.6875
2025/07/23,21:35:17,17.6875
2025/07/23,21:45:17,17.5625
2025/07/23,21:55:17,17.5000
2025/07/23,22:05:41,17.4375
2025/07/23,22:15:41,17.3750
2025/07/23,22:25:41,17.4375
2025/07/23,22:36:05,17.6250
2025/07/23,22:46:05,17.6250
2025/07/23,22:56:05,17.6250
2025/07/23,23:06:05,17.5625
2025/07/23,23:16:29,17.5000
2025/07/23,23:26:29,17.5000
2025/07/23,23:36:29,17.4375
2025/07/23,23:46:53,17.3750
2025/07/23,23:56:53,17.3125
2025/07/24,00:07:17,17.1250
2025/07/24,00:17:17,17.0000
2025/07/24,00:27:41,16.9375
2025/07/24,00:37:41,16.8125
2025/07/24,00:48:05,17.0000
2025/07/24,00:58:05,16.7500
2025/07/24,01:08:29,16.6875
2025/07/24,01:18:29,16.6875
2025/07/24,01:28:53,16.6250
2025/07/24,01:38:53,16.5625
2025/07/24,01:48:53,16.5000
2025/07/24,01:59:17,16.3750
2025/07/24,02:09:17,16.3125
2025/07/24,02:19:17,16.2500
2025/07/24,02:29:41,16.1875
2025/07/24,02:39:41,16.3125
2025/07/24,02:50:05,16.4375
2025/07/24,03:00:05,16.3125
2025/07/24,03:10:29,16.3125
2025/07/24,03:20:29,16.3125
2025/07/24,03:30:53,16.3750
2025/07/24,03:40:53,16.4375
2025/07/24,03:51:17,16.5000
2025/07/24,04:41:43,17.2500
2025/07/24,04:51:43,17.4375
2025/07/24,05:02:05,17.6875
2025/07/24,05:12:05,17.8125
2025/07/24,05:22:05,18.0000
2025/07/24,05:32:29,18.2500
2025/07/24,05:42:29,18.4375
2025/07/24,05:52:29,18.6250
2025/07/24,06:02:53,19.0625
2025/07/24,06:12:53,19.1250
2025/07/24,06:23:17,19.4375
2025/07/24,06:33:17,19.6250
2025/07/24,06:43:17,19.7500
2025/07/24,06:53:41,20.0000
2025/07/24,07:03:41,20.1250
2025/07/24,07:14:05,20.3125
2025/07/24,07:24:05,20.6875
2025/07/24,07:34:05,20.9375
2025/07/24,07:44:05,21.0000
2025/07/24,07:54:29,21.0625
2025/07/24,08:04:29,21.4375
2025/07/24,08:14:53,22.3125
2025/07/24,08:24:53,22.6250
2025/07/24,08:35:17,22.5625
2025/07/24,08:45:17,23.1250
2025/07/24,08:55:41,24.8125
2025/07/24,09:05:41,24.4375
2025/07/24,09:16:05,24.3750
2025/07/24,09:26:05,24.2500
2025/07/24,09:36:05,24.3750
